Timestamp,Name,Saints at Falcons? ,Vikings at Packers? ,Steelers at Colts? ,Eagles at Bucs? ,Browns at Raiders? ,Bills at Ravens? 
9/28/2024 13:43,Justin,Atlanta Falcons,Minnesota Vikings,Pittsburgh Steelers,Philadelphia Eagles,Cleveland Browns,Buffalo Bills
9/28/2024 13:45,Ankle Lover,New Orleans Saints,Green Bay Packers,Pittsburgh Steelers,Philadelphia Eagles,Cleveland Browns,Baltimore Ravens
9/28/2024 13:46,Bearsfury,New Orleans Saints,Minnesota Vikings,Pittsburgh Steelers,Tampa Bay Buccaneers,Cleveland Browns,Buffalo Bills
9/28/2024 13:48,fulcrum,Atlanta Falcons,Minnesota Vikings,Indianapolis Colts,Philadelphia Eagles,Cleveland Browns,Baltimore Ravens
9/28/2024 13:58,Phrog,Atlanta Falcons,Green Bay Packers,Pittsburgh Steelers,Tampa Bay Buccaneers,Cleveland Browns,Buffalo Bills
9/28/2024 14:42,Purpledogs12 ,Atlanta Falcons,Green Bay Packers,Pittsburgh Steelers,Philadelphia Eagles,Las Vegas Raiders,Buffalo Bills
9/28/2024 14:43,ADura,New Orleans Saints,Minnesota Vikings,Pittsburgh Steelers,Philadelphia Eagles,Las Vegas Raiders,Baltimore Ravens
9/28/2024 14:47,joey,Atlanta Falcons,Green Bay Packers,Pittsburgh Steelers,Tampa Bay Buccaneers,Cleveland Browns,Buffalo Bills
9/28/2024 16:00,nickmolyvia,Atlanta Falcons,Minnesota Vikings,Pittsburgh Steelers,Philadelphia Eagles,Cleveland Browns,Baltimore Ravens
9/28/2024 16:16,TotallyNotAlex,New Orleans Saints,Green Bay Packers,Indianapolis Colts,Philadelphia Eagles,Las Vegas Raiders,Baltimore Ravens
9/28/2024 16:22,Sanchez,New Orleans Saints,Green Bay Packers,Pittsburgh Steelers,Philadelphia Eagles,Cleveland Browns,Buffalo Bills
9/28/2024 16:57,Kyle,New Orleans Saints,Minnesota Vikings,Pittsburgh Steelers,Philadelphia Eagles,Cleveland Browns,Buffalo Bills
9/28/2024 18:59,seb #1 mod,Atlanta Falcons,Minnesota Vikings,Pittsburgh Steelers,Tampa Bay Buccaneers,Las Vegas Raiders,Buffalo Bills
9/28/2024 18:59,Smalik456,New Orleans Saints,Green Bay Packers,Pittsburgh Steelers,Tampa Bay Buccaneers,Cleveland Browns,Buffalo Bills
9/28/2024 19:23,spidaburner ,Atlanta Falcons,Green Bay Packers,Pittsburgh Steelers,Tampa Bay Buccaneers,Cleveland Browns,Baltimore Ravens
9/28/2024 19:28,Aura.02,Atlanta Falcons,Minnesota Vikings,Pittsburgh Steelers,Tampa Bay Buccaneers,Cleveland Browns,Buffalo Bills
9/28/2024 19:29,CharismaticCharlieWade ,Atlanta Falcons,Green Bay Packers,Pittsburgh Steelers,Tampa Bay Buccaneers,Cleveland Browns,Baltimore Ravens
9/28/2024 20:47,Thebottomline,Atlanta Falcons,Minnesota Vikings,Pittsburgh Steelers,Tampa Bay Buccaneers,Cleveland Browns,Buffalo Bills
9/28/2024 20:54,TheAirDownHere,Atlanta Falcons,Minnesota Vikings,Pittsburgh Steelers,Philadelphia Eagles,Las Vegas Raiders,Baltimore Ravens
9/28/2024 23:15,Recording in session (yall know who this is),Atlanta Falcons,Minnesota Vikings,Pittsburgh Steelers,Tampa Bay Buccaneers,Cleveland Browns,Baltimore Ravens
9/29/2024 3:13,anandesai,New Orleans Saints,Minnesota Vikings,Indianapolis Colts,Tampa Bay Buccaneers,Cleveland Browns,Buffalo Bills
9/29/2024 7:08,Nick1409,New Orleans Saints,Minnesota Vikings,Pittsburgh Steelers,Tampa Bay Buccaneers,Cleveland Browns,Buffalo Bills
9/29/2024 8:19,Brophy,New Orleans Saints,Green Bay Packers,Pittsburgh Steelers,Tampa Bay Buccaneers,Las Vegas Raiders,Buffalo Bills
9/29/2024 8:44,Stint,Atlanta Falcons,Green Bay Packers,Pittsburgh Steelers,Philadelphia Eagles,Cleveland Browns,Buffalo Bills
9/29/2024 9:26,.,Atlanta Falcons,Minnesota Vikings,Pittsburgh Steelers,Tampa Bay Buccaneers,Cleveland Browns,Baltimore Ravens
9/29/2024 9:44,Ven,Atlanta Falcons,Green Bay Packers,Pittsburgh Steelers,Philadelphia Eagles,Las Vegas Raiders,Buffalo Bills
9/29/2024 10:01,Remmy,Atlanta Falcons,Green Bay Packers,Pittsburgh Steelers,Tampa Bay Buccaneers,Cleveland Browns,Baltimore Ravens
9/29/2024 11:02,Freedent8,Atlanta Falcons,Minnesota Vikings,Pittsburgh Steelers,Philadelphia Eagles,Las Vegas Raiders,Buffalo Bills
9/29/2024 11:03,clem,New Orleans Saints,Minnesota Vikings,Pittsburgh Steelers,Tampa Bay Buccaneers,Las Vegas Raiders,Baltimore Ravens
9/29/2024 11:03,Chites,Atlanta Falcons,Minnesota Vikings,Pittsburgh Steelers,Tampa Bay Buccaneers,Cleveland Browns,Baltimore Ravens
9/29/2024 11:24,HEEM_OCHO,New Orleans Saints,Green Bay Packers,Pittsburgh Steelers,Tampa Bay Buccaneers,Las Vegas Raiders,Baltimore Ravens
9/29/2024 11:33,MarcosForMod2024,New Orleans Saints,Green Bay Packers,Pittsburgh Steelers,Philadelphia Eagles,Cleveland Browns,Baltimore Ravens
